{
  "resourceType" : "ValueSet",
  "id" : "b2891bc4-c5c0-4ad2-b1d7-c3de32e97e68-56",
  "url" : "http://hl7.org/fhir/comparison/ValueSet/b2891bc4-c5c0-4ad2-b1d7-c3de32e97e68-56",
  "name" : "UnionProcedurePerformerRoleCodesAndProcedurePerformerRoleCodes",
  "title" : "Union of Procedure Performer Role Codes And Procedure Performer Role Codes",
  "status" : "draft",
  "date" : "2025-10-10T11:56:50+00:00",
  "compose" : {
    "include" : [{
      "filter" : [{
        "property" : "concept",
        "op" : "is-a",
        "value" : "223366009"
      }]
    }]
  }
}