{
  "resourceType" : "ValueSet",
  "id" : "265d372f-efd5-42b1-baa6-070253244c66-38",
  "url" : "http://hl7.org/fhir/comparison/ValueSet/265d372f-efd5-42b1-baa6-070253244c66-38",
  "name" : "UnionCarePlanActivityOutcomeAndCarePlanActivityOutcome",
  "title" : "Union of Care Plan Activity Outcome And Care Plan Activity Outcome",
  "status" : "draft",
  "date" : "2025-10-06T12:50:46+00:00",
  "compose" : {
    "include" : [{
      "filter" : [{
        "property" : "concept",
        "op" : "is-a",
        "value" : "397640006"
      }]
    }]
  }
}