{
  "resourceType" : "ValueSet",
  "id" : "265d372f-efd5-42b1-baa6-070253244c66-33",
  "url" : "http://hl7.org/fhir/comparison/ValueSet/265d372f-efd5-42b1-baa6-070253244c66-33",
  "name" : "IntersectionGoalStartEventAndGoalStartEvent",
  "title" : "Intersection of Goal start event And Goal start event",
  "status" : "draft",
  "date" : "2025-10-06T12:50:46+00:00",
  "compose" : {
    "include" : [{
      "concept" : [{
        "code" : "32485007",
        "display" : "Admission to hospital"
      },
      {
        "code" : "308283009",
        "display" : "Discharge from hospital"
      },
      {
        "code" : "442137000",
        "display" : "Completion time of procedure"
      },
      {
        "code" : "386216000",
        "display" : "Childbirth"
      }]
    }]
  }
}